<?xml version='1.0' encoding='utf-8' standalone='yes' ?>
<map>
    <string name="preInstallName">{&quot;pid&quot;:&quot;vivopreload_int&quot;,&quot;c&quot;:&quot;2025&quot;}</string>
    <long name="prev_session_dur" value="3" />
    <boolean name="ddl_sent" value="true" />
    <string name="ddl">{&quot;from_fg&quot;:133,&quot;net&quot;:[367],&quot;rfr_wait&quot;:0,&quot;status&quot;:&quot;NOT_FOUND&quot;,&quot;timeout_value&quot;:3000}</string>
    <int name="versionCode" value="9927" />
    <long name="init_ts" value="1765330111096" />
    <long name="fg_ts" value="1765330113889" />
    <string name="savedProperties">{&quot;uid&quot;:&quot;1765330113891-6625812491845307075&quot;,&quot;shouldLog&quot;:&quot;false&quot;,&quot;preInstallName&quot;:&quot;{\&quot;pid\&quot;:\&quot;vivopreload_int\&quot;,\&quot;c\&quot;:\&quot;2025\&quot;}&quot;,&quot;logLevel&quot;:&quot;0&quot;,&quot;AppsFlyerKey&quot;:&quot;3TV78onneSTLeEX8p8B4y8&quot;,&quot;advertiserId&quot;:&quot;b23188a2-001a-4eed-832a-c3e5f43e752e&quot;,&quot;advertiserIdEnabled&quot;:&quot;true&quot;}</string>
    <string name="AF_INSTALLATION">1765330113891-6625812491845307075</string>
    <int name="appsFlyerCount" value="3" />
    <long name="AppsFlyerTimePassedSincePrevLaunch" value="1765330178359" />
    <boolean name="newGPReferrerSent" value="true" />
    <string name="first_launch">{}</string>
    <string name="appsFlyerFirstInstall">2025-12-10_012834+0000</string>
    <string name="attributionId">{&quot;af_status&quot;:&quot;Organic&quot;,&quot;af_message&quot;:&quot;organic install&quot;,&quot;is_first_launch&quot;:false}</string>
</map>
