<?xml version='1.0' encoding='utf-8' standalone='yes' ?>
<map>
    <long name="first_open_time" value="1765330110910" />
    <string name="gmp_app_id">1:732565920259:android:f6e58ab0ed20c3cd</string>
    <string name="app_instance_id">c7e02f5e4d7377ce874a4db07099dcd1</string>
    <long name="session_id" value="1765330111" />
    <boolean name="app_backgrounded" value="true" />
    <long name="health_monitor:start" value="1765330111676" />
    <boolean name="use_service" value="true" />
    <boolean name="deferred_analytics_collection" value="false" />
    <string name="previous_os_version">15</string>
    <boolean name="has_been_opened" value="true" />
    <boolean name="allow_remote_dynamite" value="true" />
    <long name="last_pause_time" value="1765330181711" />
    <boolean name="start_new_session" value="false" />
</map>
