<?xml version='1.0' encoding='utf-8' standalone='yes' ?>
<map>
    <boolean name="bg_startup_tracing" value="false" />
    <long name="com.facebook.appevents.SessionInfo.sessionStartTime" value="1765330114681" />
    <long name="com.facebook.appevents.SessionInfo.sessionEndTime" value="1765330181708" />
    <long name="com.rzmod.Raj.classes.cloneTimestamp" value="1765330146609" />
    <int name="com.facebook.appevents.SessionInfo.interruptionCount" value="2" />
    <string name="com.facebook.appevents.SessionInfo.sessionId">31a584bc-0cdb-460f-8a43-1cfe57d69eaa</string>
    <int name="com.rzmod.Raj.classes.originalInstallVersionCode" value="9927" />
</map>
