<?xml version='1.0' encoding='utf-8' standalone='yes' ?>
<map>
    <string name="ict_date:__3376431da6004af08ace8c62c4db435e:48K-8WW-754Z">10122025</string>
    <string name="deviceId:48K-8WW-754Z">__3376431da6004af08ace8c62c4db435e</string>
    <int name="lastSessionId:48K-8WW-754Z" value="1765330177" />
    <string name="fcm_token:48K-8WW-754Z">epNOCgh3RNiRXYrFac5-8B:APA91bG88o3q7dhy9AIxpmpyzrB0Om98N4VP-de-j5SgeGqaoRiA2JwEFNhJD28m6V13B1yq45j3Dx1bGqVaRR8VcXvvIHRNzLn_gNf-WoOL7xuOwAvrT4E</string>
    <boolean name="NetworkInfo:48K-8WW-754Z" value="true" />
    <boolean name="OptOut:__3376431da6004af08ace8c62c4db435e:48K-8WW-754Z" value="false" />
    <string name="comms_dmn:48K-8WW-754Z">eu1.clevertap-prod.com</string>
    <int name="comms_last_ts:48K-8WW-754Z" value="1765330180" />
    <int name="comms_first_ts:48K-8WW-754Z" value="1765330113" />
    <int name="sexe:48K-8WW-754Z" value="1765330181" />
    <int name="comms_mtd:48K-8WW-754Z" value="0" />
    <int name="pfjobid" value="238148191" />
    <int name="istc_inapp:__3376431da6004af08ace8c62c4db435e:48K-8WW-754Z" value="0" />
    <string name="instance:48K-8WW-754Z">{&quot;accountId&quot;:&quot;48K-8WW-754Z&quot;,&quot;accountToken&quot;:&quot;00b-3b4&quot;,&quot;fcmSenderId&quot;:&quot;732565920259&quot;,&quot;analyticsOnly&quot;:false,&quot;isDefaultInstance&quot;:true,&quot;useGoogleAdId&quot;:false,&quot;disableAppLaunchedEvent&quot;:false,&quot;personalization&quot;:true,&quot;debugLevel&quot;:0,&quot;createdPostAppLaunch&quot;:false,&quot;sslPinning&quot;:false,&quot;backgroundSync&quot;:true,&quot;getEnableCustomCleverTapId&quot;:false,&quot;beta&quot;:false,&quot;allowedPushTypes&quot;:[&quot;FCM&quot;,&quot;XPS&quot;,&quot;HPS&quot;,&quot;BPS&quot;,&quot;ADM&quot;]}</string>
    <string name="comms_dmn_spiky:48K-8WW-754Z">eu1-spiky.clevertap-prod.com</string>
    <string name="SP_KEY_PROFILE_IDENTITIES:48K-8WW-754Z">Email,Identity</string>
    <string name="cachedGUIDsKey:48K-8WW-754Z">{&quot;Email_&quot;:&quot;__3376431da6004af08ace8c62c4db435e&quot;,&quot;Identity_2309140751188971577&quot;:&quot;__3376431da6004af08ace8c62c4db435e&quot;}</string>
</map>
