<?xml version='1.0' encoding='utf-8' standalone='yes' ?>
<map>
    <int name="d_ts" value="1765330115" />
    <int name="dh" value="2101447304" />
    <int name="hgt" value="4" />
    <string name="av">99999</string>
    <int name="v" value="2" />
    <int name="wdt" value="2" />
    <string name="j_n">ZmJmeAUABAxmbQ==</string>
    <string name="i_n">ZW9ifAIJAAZgYw==</string>
    <int name="r_ts" value="1765330181" />
    <string name="id">48K-8WW-754Z</string>
    <string name="k_n">DHhgeAIJAABnbWd6ZmJqcgUBBANgeA8=</string>
    <string name="j_s">{}</string>
</map>
