{"Fid":"epNOCgh3RNiRXYrFac5-8B","Status":3,"AuthToken":"eyJhbGciOiJFUzI1NiIsInR5cCI6IkpXVCJ9.eyJhcHBJZCI6IjE6NzMyNTY1OTIwMjU5OmFuZHJvaWQ6ZjZlNThhYjBlZDIwYzNjZCIsImV4cCI6MTc2NTkzNDkxMiwiZmlkIjoiZXBOT0NnaDNSTmlSWFlyRmFjNS04QiIsInByb2plY3ROdW1iZXIiOjczMjU2NTkyMDI1OX0.AB2LPV8wRQIgRwwqPSc0zWPH3MLbpHZx1ZuGzKrrNgwGraSiHAOQuXUCIQCi15Ci-LPLEA9WV1TVhBO8dwfpStlNiZvqFnHJXfVMfg","RefreshToken":"3_AS3qfwKPq5EEgO5z-ofhFF3rzKZ1O0DuJkH0Ui0s40Mo6qHU_czgKhBdhsU4F1--w_H2_VdFbtGHBeMrF-eMebMTRfzbZ13U8qEkXpIX2DHBN30","TokenCreationEpochInSecs":1765330112,"ExpiresInSecs":604800}