{"Fid":"f2ixiBc_Ruy9xRU1AvAgDN","Status":3,"RefreshToken":"3_AS3qfwJZ_1GtWYmhFfVFF_q44fYxLWBeDBjq7BRFmYqgqHB8hMa8XL0micu6UQO-7RSguv-grBuyfod4fwXWqykL4z9QN5c5Qaes1wF1cx2xdK4","AuthToken":"eyJhbGciOiJFUzI1NiIsInR5cCI6IkpXVCJ9.eyJhcHBJZCI6IjE6MzY3MjY5MDA4OTg2OmFuZHJvaWQ6NzliMWNhNTQ5NTQxMTEyNCIsImV4cCI6MTc2NjI0MjE5MSwiZmlkIjoiZjJpeGlCY19SdXk5eFJVMUF2QWdETiIsInByb2plY3ROdW1iZXIiOjM2NzI2OTAwODk4Nn0.AB2LPV8wRQIgZnrohRVgjFlt3-m_ZbrF8Kp4UipSt4EmuwGTT6djFOwCIQDJvfGGaLqE_gwamqMJ7NVnhETdvs1K1e5Ocr5RcAIkag","TokenCreationEpochInSecs":1765637391,"ExpiresInSecs":604800}