{"Fid":"dHXKZYAiSzKwSfNXP6RySW","Status":3,"RefreshToken":"3_AS3qfwINFXZM3QxPwQFQ7zUZcjSnLHfHcIme6cQnkRMeV50VTIzPeGXGyt3sfyMqeUmk3RlX19c-r_tr_2l9f-p3m0vcJ1ogKixnq640DdbrGdw","AuthToken":"eyJhbGciOiJFUzI1NiIsInR5cCI6IkpXVCJ9.eyJhcHBJZCI6IjE6MzY3MjY5MDA4OTg2OmFuZHJvaWQ6NzliMWNhNTQ5NTQxMTEyNCIsImV4cCI6MTc1Njg3MDc3MiwiZmlkIjoiZEhYS1pZQWlTekt3U2ZOWFA2UnlTVyIsInByb2plY3ROdW1iZXIiOjM2NzI2OTAwODk4Nn0.AB2LPV8wRQIgJ7O_-HkWEfhP5V4620W_o_TqR8YMan1tp0byi0D61fwCIQCjCe-mHq4xqK1rdEhYKA0uNcXIOaasG8eZfZZ7BzIlUA","TokenCreationEpochInSecs":1756265973,"ExpiresInSecs":604800}