<?xml version='1.0' encoding='utf-8' standalone='yes' ?>
<map>
    <long name="first_open_time" value="1764574021477" />
    <string name="gmp_app_id">1:656564483458:android:90f2a76f004f1f756b0b9b</string>
    <string name="previous_os_version">9</string>
    <boolean name="has_been_opened" value="true" />
    <string name="health_monitor:value">2WC79000:Service invalid</string>
    <long name="session_id" value="1764574034" />
    <long name="health_monitor:start" value="1764574021732" />
    <boolean name="allow_remote_dynamite" value="true" />
    <long name="last_pause_time" value="1764574034998" />
    <boolean name="start_new_session" value="false" />
    <long name="health_monitor:count" value="1" />
    <boolean name="deferred_analytics_collection" value="false" />
</map>
