<?xml version='1.0' encoding='utf-8' standalone='yes' ?>
<map>
    <set name="fire-analytics/21.3.0 android-min-sdk/24 fire-fiam/20.3.2 fire-fcm/23.2.0 fire-core-ktx/unspecified fire-fiamd/20.3.2 fire-android/28 fire-abt/21.1.1 fire-core/20.3.3 fire-fcm-ktx/unspecified device-model/9e0cd8631e3e6b7b android-installer/com.android.vending device-brand/57add56e8d4645c2 fire-installations/17.1.3 kotlin/1.9.21 android-platform/ fire-auth/22.1.0 android-target-sdk/27 device-name/238e34033a24246a fire-transport/18.1.7">
        <string>2025-12-01</string>
    </set>
    <long name="fire-count" value="1" />
    <string name="last-used-date">2025-12-01</string>
    <long name="fire-global" value="1764574036913" />
</map>
