<?xml version='1.0' encoding='utf-8' standalone='yes' ?>
<map>
    <long name="first_open_time" value="1756372150210" />
    <string name="gmp_app_id">1:367269008986:android:79b1ca5495411124</string>
    <string name="app_instance_id">0d4f2f14e4e0999edcde3a64655cc63f</string>
    <long name="session_id" value="1756372236" />
    <boolean name="app_backgrounded" value="true" />
    <long name="health_monitor:start" value="1756372151789" />
    <boolean name="use_service" value="true" />
    <boolean name="deferred_analytics_collection" value="false" />
    <string name="previous_os_version">14</string>
    <boolean name="has_been_opened" value="true" />
    <boolean name="allow_remote_dynamite" value="true" />
    <long name="last_pause_time" value="1756372266928" />
    <boolean name="start_new_session" value="false" />
</map>
