<?xml version='1.0' encoding='utf-8' standalone='yes' ?>
<map>
    <long name="fire-count" value="1" />
    <string name="last-used-date">2025-08-30</string>
    <long name="fire-global" value="1756531621058" />
    <set name="kotlin/2.0.21 android-min-sdk/29 fire-analytics/21.3.0 fire-cls/18.6.4 fire-sessions/1.2.4 fire-cls-ndk/18.6.4 fire-core-ktx/20.4.2 device-brand/realme fire-core/20.4.2 fire-android/34 fire-iid/20.1.6 android-installer/com.google.android.packageinstaller fire-installations/17.2.0 android-target-sdk/39 android-platform/ device-name/RMX3660 fire-transport/18.1.8 fire-fcm/20.1.6 device-model/RE588BL1">
        <string>2025-08-30</string>
    </set>
</map>
